int 4, string 50, string 30
IDlibro,NombreLibro,Autor
1,Dark play.,Mrs. Melissa Moyer
2,Her beautiful.,Haley Glenn
3,Perform before present.,Curtis Richards
4,Second Mr century.,Peter Williamson
5,Family clearly.,Danielle Stewart
6,Gas later.,Thomas Owen
7,Another character a.,Mike Rosales
8,Follow picture.,William Wilson III
9,Assume before rise.,Caitlin Martin
10,Until choose.,Christina Bradshaw
11,Prove where.,Kelly Jones
12,Pay sometimes.,Nicole Jones
13,Or sound trial.,Pedro Kent
14,National apply and protect.,Ryan Lewis
15,Strategy.,Kaitlyn Castaneda
16,Too however why.,Erin Clark
17,Soldier but many.,Daniel Greene
18,Enter of old.,David Perez
19,Whom former.,Jody Greene
20,Thought through thing.,Kenneth Rogers
21,Bar to.,Emily Moses
22,Media.,Spencer Beck
23,Someone former just.,Lori Evans
24,Range which others.,Brooke Kim
25,Development choose you.,Matthew Waters
26,Less thought.,Thomas Gibson
27,Lot citizen.,Carl Lewis
28,Machine report traditional.,Sierra Pacheco
29,Expect herself rise.,Mary Walker
30,Plan situation any participant.,Terri Ortiz
31,Catch cold.,Clayton Chandler
32,Free adult force skin.,Jonathon Olson
33,Become something democratic.,Scott Powell
34,Party heart card strong.,Caitlin Ingram
35,Fund scientist.,Tamara Mcguire
36,Itself generation.,Edward Cantu
37,Dinner loss.,Kyle Green
38,Writer interview.,Jonathan Stone
39,Religious increase issue.,David Kelly
40,Ready kind name.,Jeffrey Valdez
41,Activity every.,Mark Beltran
42,Development skin Republican.,Karen Bauer
43,Those instead.,Ryan Heath
44,Memory effort back.,Hayley Peterson
45,Certain him gun.,Alicia Livingston
46,Or newspaper quality.,Dennis Franklin
47,Site.,Jamie Martinez
48,Sort some.,Thomas Norton
49,These table those.,Paul Jackson MD
50,Population thought soldier.,Susan Harris
51,Agent message.,Mark Santiago
52,Individual north fall.,Michael Rivera
53,Goal dark surface.,Megan Fernandez
54,I brother.,Darren Fox
55,Early ask surface.,Christopher Kennedy
56,Area sing piece.,Jordan Johnson
57,Candidate similar.,Evan Jackson
58,Final above.,Katherine Weaver
59,Task factor.,Lauren Payne
60,Age take billion.,Elizabeth Taylor
61,Hold decide.,Kevin Soto
62,Race ahead federal.,Nicole Mann
63,Account particularly.,Mr. Kenneth Bennett
64,Drug candidate travel.,Luis Elliott
65,Officer fear.,Kelly Sanchez
66,Father kitchen government.,Craig Smith
67,Spend leg or.,William Riley
68,Two expect focus possible.,James Moss
69,Room appear learn.,Joyce Sharp
70,Week sea food.,Alexis Myers
71,Each theory many.,Joseph Massey
72,Least expert hot.,Kristen Ayala
73,Interest attorney item.,Melanie Guerrero
74,Six value service.,Jill Parrish
75,Large serve thought nice.,Brandon Taylor
76,Similar defense.,Patricia Gonzalez
77,Appear.,Natasha White
78,Indicate light.,Jose Sampson
79,President season thus call.,Ryan Rodriguez
80,Here lead.,Gary Rodriguez
81,Relationship international western.,Thomas Griffin
82,Believe soon else no.,John Herrera
83,Stock view rather real.,Heidi Huerta
84,Sit thought benefit.,Kathleen Wells
85,North this.,Joseph Johnson
86,Last official.,Jennifer Payne
87,Debate home husband.,Jessica Shea
88,Sell keep challenge.,Austin Thomas
89,Guy kid.,Leah Hawkins
90,Organization left card.,Devon Moore
91,Child best.,Marc Fields
92,Too billion.,Susan Cole
93,Over throw.,Steven Wolfe
94,Most bag community.,Brenda Fisher
95,Cover.,Johnny Lopez
96,Green sea star.,Jessica Myers
97,Hour party treatment.,Ronald Turner
98,Significant serve.,Rachael Jennings
99,Office too security.,Evan Baird
100,Time hospital.,Elizabeth Robinson
